name,phone_number,email,password,account_number
James,504-845-1427,jbutt@gmail.com,9353,0001
Josephine,810-374-9840,josephine_darakjy@darakjy.org,7557,0002
Art,856-264-4130,art@venere.org,3475,0003
Lenna,907-921-2010,lpaprocki@hotmail.com,9074,0004
Donette,513-549-4561,donette.foller@cox.net,4768,0005
Simona,419-800-6759,simona@morasca.com,4932,0006
Mitsue,773-924-8565,mitsue_tollner@yahoo.com,7584,0007
Leota,408-813-1105,leota@hotmail.com,1407,0008
Sage,605-794-4895,sage_wieser@cox.net,9570,0009
Kris,410-804-4694,kris@gmail.com,3404,0010
Minna,215-422-8694,minna_amigon@yahoo.com,7787,0011
Abel,631-677-3675,amaclead@gmail.com,9625,0012
Kiley,310-254-3084,kiley.caldarera@aol.com,2425,0013
Graciela,440-579-7763,gruta@cox.net,5740,0014
Cammy,956-841-7216,calbares@gmail.com,9041,0015
Mattie,602-953-6360,mattie@aol.com,2043,0016
Meaghan,931-235-7959,meaghan@hotmail.com,8144,0017
Gladys,414-377-2880,gladys.rim@rim.org,6509,0018
Yuki,313-341-4470,yuki_whobrey@aol.com,2651,0019
Fletcher,815-426-5657,fletcher.flosi@yahoo.com,2017,0020
Bette,610-492-4643,bette_nicka@cox.net,4897,0021
Veronika,408-813-4592,vinouye@aol.com,2078,0022
Willard,972-896-4882,willard@hotmail.com,7902,0023
Maryann,518-448-8982,mroyster@royster.com,3659,0024
Alisha,732-635-3453,alisha@slusarski.com,1427,0025
Allene,715-530-9863,allene_iturbide@cox.net,2512,0026
Chanel,913-899-1103,chanel.caudy@caudy.org,6456,0027
Ezekiel,410-235-8738,ezekiel@chui.com,4493,0028
Willow,212-934-5167,wkusko@yahoo.com,2645,0029
Bernardo,936-597-3614,bfigeroa@aol.com,2115,0030
Ammie,614-648-3265,ammie@corrio.com,9707,0031
Francine,505-335-5293,francine_vocelka@vocelka.com,1423,0032
Ernie,201-387-9093,ernie_stenseth@aol.com,1717,0033
Albina,732-782-6701,albina@glick.com,2412,0034
Alishia,212-753-2740,asergi@gmail.com,4233,0035
Solange,504-265-8174,solange@shinko.com,1725,0036
Jose,212-569-4233,jose@yahoo.com,1261,0037
Rozella,805-609-1531,rozella.ostrosky@ostrosky.com,7828,0038
Valentine,210-300-6244,valentine_gillian@gmail.com,8383,0039
Kati,785-219-7724,kati.rulapaugh@hotmail.com,4652,0040
Youlanda,541-993-2611,youlanda@aol.com,9481,0041
Dyan,913-645-8918,doldroyd@aol.com,9801,0042
Roxane,907-335-6568,roxane@hotmail.com,7337,0043
Lavera,305-995-2078,lperin@perin.org,1479,0044
Erick,907-227-6777,erick.ferencz@aol.com,4548,0045
Fatima,952-479-2375,fsaylors@saylors.org,1201,0046
Jina,617-997-5771,jina_briddick@briddick.com,2319,0047
Kanisha,323-315-7314,kanisha_waycott@yahoo.com,5189,0048
Emerson,608-658-7940,emerson.bowley@bowley.org,3780,0049
Blair,215-794-4519,bmalet@yahoo.com,4364,0050
Brock,212-617-5063,bbolognia@yahoo.com,7830,0051
Lorrie,931-303-6041,lnestle@hotmail.com,6531,0052
Sabra,803-681-3678,sabra@uyetake.org,3770,0053
Marjory,610-379-7125,mmastella@mastella.com,4414,0054
Karl,908-470-4661,karl_klonowski@yahoo.com,8175,0055
Tonette,516-333-4861,twenner@aol.com,7793,0056
Amber,215-329-6386,amber_monarrez@monarrez.org,9070,0057
Shenika,818-749-8650,shenika@gmail.com,1425,0058
Delmy,401-559-8961,delmy.ahle@hotmail.com,8884,0059
Deeanna,215-417-9563,deeanna_juhas@gmail.com,8133,0060
Blondell,401-300-8122,bpugh@aol.com,3406,0061
Jamal,732-904-2931,jamal@vanausdal.org,6358,0062
Cecily,512-861-3814,cecily@hollack.org,4208,0063
Carmelina,303-874-5160,carmelina_lindall@lindall.com,3124,0064
Maurine,414-573-7719,maurine_yglesias@yglesias.com,9594,0065
Tawna,212-462-9157,tawna@gmail.com,6493,0066
Penney,907-873-2882,penney_weight@aol.com,2533,0067
Elly,814-420-3553,elly_morocco@gmail.com,3757,0068
Ilene,410-937-4543,ilene.eroman@hotmail.com,6948,0069
Vallie,208-737-8439,vmondella@mondella.com,4570,0070
Kallie,415-604-7609,kallie.blackwood@gmail.com,3880,0071
Johnetta,919-715-3791,johnetta_abdallah@aol.com,9842,0072
Bobbye,650-811-9032,brhym@rhym.com,6733,0073
Micaela,925-522-7798,micaela_rhymes@gmail.com,1953,0074
Tamar,740-526-5410,tamar@hotmail.com,6401,0075
Moon,585-498-4278,moon@yahoo.com,6604,0076
Laurel,410-957-6903,laurel_reitler@reitler.com,1555,0077
Delisa,973-847-9611,delisa.crupi@crupi.com,2681,0078
Viva,773-352-3437,viva.toelkes@gmail.com,9740,0079
Elza,973-796-3667,elza@yahoo.com,8864,0080
Devorah,505-950-1763,devorah@hotmail.com,7415,0081
Timothy,718-654-7063,timothy_mulqueen@mulqueen.org,9619,0082
Arlette,904-514-9918,ahoneywell@honeywell.com,5698,0083
Dominque,510-901-7640,dominque.dickerson@dickerson.org,2298,0084
Lettie,216-733-8494,lettie_isenhower@yahoo.com,7060,0085
Myra,817-451-3518,mmunns@cox.net,1367,0086
Stephaine,310-968-1219,stephaine@barfield.com,3840,0087
Lai,847-957-4614,lai.gato@gato.org,8809,0088
Stephen,330-700-2312,stephen_emigh@hotmail.com,1429,0089
Tyra,215-228-8264,tshields@gmail.com,3003,0090
Tammara,650-216-5075,twardrip@cox.net,2184,0091
Cory,626-696-2777,cory.gibes@gmail.com,2218,0092
Danica,254-205-1422,danica_bruschke@gmail.com,4544,0093
Wilda,907-914-9482,wilda@cox.net,4851,0094
Elvera,408-440-8447,elvera.benimadho@cox.net,8882,0095
Carma,510-452-4835,carma@cox.net,2930,0096
Malinda,317-472-2412,malinda.hochard@yahoo.com,6021,0097
Natalie,307-279-3793,natalie.fern@hotmail.com,2209,0098
Lisha,703-475-7568,lisha@centini.org,2937,0099
